Family,n_languages,n_exact_one,share_exact_one,mean_rate,median_n_total,mean_abs_latitude,database,share_of_all_boundary_languages
Atlantic-Congo,642,304,0.4735202492211838,0.8903535931818173,114.0,6.105536234683333,Lexibank,0.31899265477439664
Austronesian,978,227,0.23210633946830267,0.6280481627068293,200.0,13.281610741241357,Lexibank,0.23819517313746066
Otomanguean,88,73,0.8295454545454546,0.9675691423272341,117.0,17.302267022727275,Lexibank,0.07660020986358866
Tucanoan,75,49,0.6533333333333333,0.9935562838626195,249.0,0.65543704,Lexibank,0.05141657922350472
Arawakan,129,43,0.3333333333333333,0.93888598465775,115.0,5.241686651162791,Lexibank,0.04512067156348373
Sino-Tibetan,494,37,0.07489878542510121,0.7097254818507968,281.0,26.815805769190284,Lexibank,0.03882476390346275
Nuclear Trans New Guinea,380,26,0.06842105263157895,0.6055986710257848,297.5,5.59734469736842,Lexibank,0.02728226652675761
Pama-Nyungan,191,13,0.06806282722513089,0.7554884519150876,244.0,23.456643037990183,Lexibank,0.013641133263378805
Pano-Tacanan,36,11,0.3055555555555556,0.9328962288803184,505.5,10.3035175,Lexibank,0.011542497376705142
Tupian,137,11,0.08029197080291971,0.7390404324794745,239.0,11.223921313868614,Lexibank,0.011542497376705142
Chocoan,19,10,0.5263157894736842,0.9349644722410242,279.0,6.123436315789474,Lexibank,0.01049317943336831
Angan,13,9,0.6923076923076923,0.9920691481214521,103.0,7.158685384615385,Lexibank,0.00944386149003148
Mailuan,14,9,0.6428571428571429,0.9824540659460101,261.5,10.268939357142857,Lexibank,0.00944386149003148
Huitotoan,17,9,0.5294117647058824,0.976520427129388,220.0,1.7576852941176468,Lexibank,0.00944386149003148
Uto-Aztecan,97,9,0.09278350515463918,0.6578058607589196,135.0,30.322623494845363,Lexibank,0.00944386149003148
Boran,13,8,0.6153846153846154,0.9981801121738508,307.0,1.757742846153846,Lexibank,0.008394543546694649
Eastern Trans-Fly,13,8,0.6153846153846154,0.8101870614565005,151.0,9.100747311538461,Lexibank,0.008394543546694649
Manubaran,8,7,0.875,0.9993556701030928,238.5,9.702976249999999,Lexibank,0.007345225603357817
Kiwaian,7,6,0.8571428571428571,0.9984639016897081,121.0,8.00865,Lexibank,0.0062959076600209865
Eleman,8,6,0.75,0.9984140037593985,111.0,7.908244875,Lexibank,0.0062959076600209865
Indo-European,304,6,0.019736842105263157,0.44803657784538464,173.0,42.972286688157894,Lexibank,0.0062959076600209865
Mande,29,5,0.1724137931034483,0.9408542431724711,260.0,11.1512683908,Lexibank,0.005246589716684155
Aymaran,6,4,0.6666666666666666,0.9942481728714282,202.0,15.576666666666668,Lexibank,0.004197271773347324
Waorani,4,3,0.75,0.9983498349834984,287.5,1.12312,Lexibank,0.0031479538300104933
Bilua,5,3,0.6,0.9984050043728969,207.0,7.92388,Lexibank,0.0031479538300104933
Zaparoan,6,3,0.5,0.9810133927760963,219.0,2.4241,Lexibank,0.0031479538300104933
Koiarian,8,3,0.375,0.986811208144574,173.0,9.31420625,Lexibank,0.0031479538300104933
Nuclear-Macro-Je,13,3,0.23076923076923078,0.7060764350460682,230.0,17.09794,Lexibank,0.0031479538300104933
Afro-Asiatic,146,3,0.02054794520547945,0.606600825902941,419.5,13.764525630136987,Lexibank,0.0031479538300104933
Kwaza,2,2,1.0,1.0,268.0,11.6667,Lexibank,0.002098635886673662
Hoti,3,2,0.6666666666666666,0.9837037037037036,257.0,5.63879,Lexibank,0.002098635886673662
Pumé,3,2,0.6666666666666666,0.9963369963369964,273.0,7.10677,Lexibank,0.002098635886673662
Savosavo,3,2,0.6666666666666666,0.9990138067061144,239.0,9.12853,Lexibank,0.002098635886673662
Touo,3,2,0.6666666666666666,0.9979736575481256,329.0,8.58405,Lexibank,0.002098635886673662
Warao,3,2,0.6666666666666666,0.983739837398374,100.0,7.50851,Lexibank,0.002098635886673662
Yanomamic,8,2,0.25,0.9024407607302929,258.5,3.1195175,Lexibank,0.002098635886673662
Bosavi,9,2,0.2222222222222222,0.8897857194213492,134.0,6.3783433333333335,Lexibank,0.002098635886673662
East Strickland,9,2,0.2222222222222222,0.9118336103551982,137.0,6.2452322222222225,Lexibank,0.002098635886673662
Guahiboan,14,2,0.14285714285714285,0.7525134773533042,211.0,5.723828571428571,Lexibank,0.002098635886673662
Japonic,31,2,0.06451612903225806,0.7570810059935732,240.0,29.73138083870968,Lexibank,0.002098635886673662
Arawan,1,1,1.0,1.0,257.0,7.62223,Lexibank,0.001049317943336831
Bororoan,1,1,1.0,1.0,238.0,16.6029,Lexibank,0.001049317943336831
Kibiri,1,1,1.0,1.0,100.0,7.45276,Lexibank,0.001049317943336831
North Bougainville,1,1,1.0,1.0,267.0,5.94339,Lexibank,0.001049317943336831
Pele-Ata,1,1,1.0,1.0,243.0,5.58045,Lexibank,0.001049317943336831
Pidgin,1,1,1.0,1.0,152.0,9.33333,Lexibank,0.001049317943336831
Purari,1,1,1.0,1.0,99.0,7.59133,Lexibank,0.001049317943336831
Wiru,1,1,1.0,1.0,143.0,6.35863,Lexibank,0.001049317943336831
Yareban,1,1,1.0,1.0,257.0,9.50651,Lexibank,0.001049317943336831
Suki-Gogodala,2,1,0.5,0.9945652173913043,97.5,8.020265,Lexibank,0.001049317943336831
Teberan,2,1,0.5,0.9976190476190476,155.5,6.65765,Lexibank,0.001049317943336831
Cofán,3,1,0.3333333333333333,0.971153964332682,296.0,0.276675,Lexibank,0.001049317943336831
Fasu,3,1,0.3333333333333333,0.9965243950604282,163.0,6.62687,Lexibank,0.001049317943336831
Fuyug,3,1,0.3333333333333333,0.9535231873702834,194.0,8.6371,Lexibank,0.001049317943336831
Kwalean,3,1,0.3333333333333333,0.9946241208347746,236.0,9.695323333333333,Lexibank,0.001049317943336831
Ticuna-Yuri,3,1,0.3333333333333333,0.9464003265472728,125.0,3.6628899999999995,Lexibank,0.001049317943336831
Turama-Kikori,3,1,0.3333333333333333,0.9848039215686275,98.0,7.26166,Lexibank,0.001049317943336831
Urarina,3,1,0.3333333333333333,0.9811800274609209,192.0,4.44006,Lexibank,0.001049317943336831
Peba-Yagua,4,1,0.25,0.9179116482803423,304.0,3.42913,Lexibank,0.001049317943336831
Kru,5,1,0.2,0.9856191870135522,291.0,5.718688,Lexibank,0.001049317943336831
South Bird's Head,5,1,0.2,0.9564639023104424,193.0,2.08007,Lexibank,0.001049317943336831
Lakes Plain,17,1,0.058823529411764705,0.9498465530904494,219.0,2.941664117647059,Lexibank,0.001049317943336831
Cariban,26,1,0.038461538461538464,0.8744062770317526,279.0,4.888193461538462,Lexibank,0.001049317943336831
Abkhaz-Adyge,4,0,0.0,0.5681723636419601,624.0,43.80455,Lexibank,0.0
Abun,3,0,0.0,0.43517104505651005,190.0,0.57073,Lexibank,0.0
Ainu,14,0,0.0,0.5573726052350513,214.0,43.19891978571429,Lexibank,0.0
Algic,2,0,0.0,0.3963486454652532,191.0,50.19395,Lexibank,0.0
Alsea-Yaquina,1,0,0.0,0.24669603524229075,227.0,44.408,Lexibank,0.0
Amto-Musan,2,0,0.0,0.8783905514963467,100.0,4.087384999999999,Lexibank,0.0
Andaqui,1,0,0.0,0.9927007299270073,137.0,2.74999,Lexibank,0.0
Andoque,1,0,0.0,0.9333333333333333,195.0,0.53751,Lexibank,0.0
Anim,14,0,0.0,0.6019063655366651,193.5,7.013055714285714,Lexibank,0.0
Arafundi,1,0,0.0,0.4111111111111111,90.0,4.77763,Lexibank,0.0
Araucanian,5,0,0.0,0.6142229587378569,277.0,38.591519999999996,Lexibank,0.0
Atakapa,1,0,0.0,0.3269961977186312,263.0,30.9121,Lexibank,0.0
Athabaskan-Eyak-Tlingit,7,0,0.0,0.3300934324747083,195.0,49.87311428571429,Lexibank,0.0
Austroasiatic,184,0,0.0,0.21157439600242964,112.5,15.251375711956522,Lexibank,0.0
Baining,5,0,0.0,0.5080373168927019,266.0,4.649924,Lexibank,0.0
Bangime,2,0,0.0,0.9336614173228346,277.0,14.805800000000001,Lexibank,0.0
Barbacoan,14,0,0.0,0.7052401928289461,281.5,1.2403221428571427,Lexibank,0.0
Basque,4,0,0.0,0.5911098995871651,747.0,43.279025000000004,Lexibank,0.0
Berta,5,0,0.0,0.8574549041051005,188.0,10.023638199999999,Lexibank,0.0
Blue Nile Mao,1,0,0.0,0.7848605577689243,251.0,9.82554,Lexibank,0.0
Bogaya,1,0,0.0,0.865979381443299,194.0,5.54487,Lexibank,0.0
Bookkeeping,9,0,0.0,0.5235356853662252,464.0,22.663150375555556,Lexibank,0.0
Border,7,0,0.0,0.5250850758933489,106.0,3.2134014285714287,Lexibank,0.0
Bunaban,3,0,0.0,0.8962552155528486,190.0,18.214766666666666,Lexibank,0.0
Burushaski,11,0,0.0,0.35273232389839654,203.0,36.32879169090909,Lexibank,0.0
Caddoan,1,0,0.0,0.2633587786259542,262.0,36.2862,Lexibank,0.0
Cahuapanan,3,0,0.0,0.3799124551101247,178.0,5.5594833333333336,Lexibank,0.0
Camsá,3,0,0.0,0.9528621782604914,194.0,1.14537,Lexibank,0.0
Candoshi-Shapra,3,0,0.0,0.8922658507564168,212.0,4.23835,Lexibank,0.0
Canichana,1,0,0.0,0.8735632183908046,87.0,14.3058,Lexibank,0.0
Cayubaba,2,0,0.0,0.9815531703866587,688.5,13.2482,Lexibank,0.0
Central Sudanic,2,0,0.0,0.8808009690362631,230.0,10.4589,Lexibank,0.0
Chapacuran,10,0,0.0,0.35885960813030304,126.0,10.863024,Lexibank,0.0
Chibchan,34,0,0.0,0.8293114477062379,110.0,9.51004294117647,Lexibank,0.0
Chicham,10,0,0.0,0.49339566697591986,255.0,4.173958000000001,Lexibank,0.0
Chimakuan,1,0,0.0,0.3576923076923077,260.0,47.9106,Lexibank,0.0
Chinookan,3,0,0.0,0.3292326809568189,185.0,45.67856666666666,Lexibank,0.0
Chonan,3,0,0.0,0.24267061508077428,862.0,49.71973333333333,Lexibank,0.0
Chukotko-Kamchatkan,3,0,0.0,0.1419217102496048,652.0,60.488724333333344,Lexibank,0.0
Chumashan,6,0,0.0,0.3834735081689205,260.5,34.534283333333335,Lexibank,0.0
Cochimi-Yuman,8,0,0.0,0.5051876538615834,267.5,33.30605,Lexibank,0.0
Coosan,1,0,0.0,0.2786885245901639,122.0,43.4413,Lexibank,0.0
Cuitlatec,1,0,0.0,0.7058823529411765,119.0,18.1,Lexibank,0.0
Dagan,4,0,0.0,0.7038638989161746,211.5,9.837745,Lexibank,0.0
Dajuic,1,0,0.0,0.3787878787878788,198.0,10.8525,Lexibank,0.0
Dibiyaso,1,0,0.0,0.9834254143646409,181.0,7.82096,Lexibank,0.0
Dizoid,1,0,0.0,0.42213114754098363,244.0,7.05022,Lexibank,0.0
Dogon,62,0,0.0,0.8492944703624077,308.5,14.635192471774193,Lexibank,0.0
Dravidian,23,0,0.0,0.7816394834327487,115.0,14.990366,Lexibank,0.0
Duna,1,0,0.0,0.9927536231884058,138.0,5.41439,Lexibank,0.0
East Bird's Head,2,0,0.0,0.3124642161914577,229.5,1.1135549999999999,Lexibank,0.0
East Kutubu,1,0,0.0,0.9393939393939394,99.0,6.47258,Lexibank,0.0
Eastern Jebel,1,0,0.0,0.32989690721649484,194.0,11.4674,Lexibank,0.0
Elamite,1,0,0.0,0.6164736164736164,777.0,31.1833,Lexibank,0.0
Elseng,1,0,0.0,0.2616822429906542,107.0,3.00176,Lexibank,0.0
Eskimo-Aleut,5,0,0.0,0.25417770155613795,841.0,64.77762,Lexibank,0.0
Esselen,2,0,0.0,0.6284849338214588,120.0,36.5473,Lexibank,0.0
Furan,1,0,0.0,0.7916666666666666,144.0,12.0455,Lexibank,0.0
Gaagudju,1,0,0.0,0.8340807174887892,223.0,12.5176,Lexibank,0.0
Garrwan,1,0,0.0,0.9204545454545454,176.0,17.4504,Lexibank,0.0
Geelvink Bay,2,0,0.0,0.8888284725654968,197.0,2.496405,Lexibank,0.0
Great Andamanese,1,0,0.0,0.6692913385826772,254.0,11.67,Lexibank,0.0
Guaicuruan,12,0,0.0,0.5338185487456686,259.5,25.482994533333336,Lexibank,0.0
Gumuz,1,0,0.0,0.6470588235294118,204.0,11.05,Lexibank,0.0
Gunwinyguan,3,0,0.0,0.5772711444176527,159.0,13.7898,Lexibank,0.0
Hadza,1,0,0.0,0.9949494949494949,198.0,3.83115,Lexibank,0.0
Haida,4,0,0.0,0.46506390347924637,231.0,53.985268649999995,Lexibank,0.0
Harakmbut,1,0,0.0,0.32558139534883723,258.0,12.4931,Lexibank,0.0
Hatam-Mansim,1,0,0.0,0.4362745098039216,204.0,1.13531,Lexibank,0.0
Heibanic,1,0,0.0,0.7793427230046949,213.0,10.9194,Lexibank,0.0
Hmong-Mien,30,0,0.0,0.6876870092924227,808.5,25.4428158,Lexibank,0.0
Hruso,1,0,0.0,0.9333333333333333,210.0,27.27,Lexibank,0.0
Huarpean,1,0,0.0,0.4580152671755725,131.0,33.480938,Lexibank,0.0
Huavean,1,0,0.0,0.045454545454545456,264.0,16.2129,Lexibank,0.0
ISOLATE_OR_UNKNOWN__tolmiebritishcolumbia-Kootenuha-UpperKootenuha,1,0,0.0,0.5736434108527132,129.0,47.5422,Lexibank,0.0
Ijoid,3,0,0.0,0.9134754121660862,244.0,4.934023333333333,Lexibank,0.0
Iroquoian,2,0,0.0,0.6716480918608578,173.0,39.452571,Lexibank,0.0
Isolate,3,0,0.0,0.561369752032638,214.0,5.372827766666666,Lexibank,0.0
Itonama,2,0,0.0,0.9900914188912904,564.5,12.80431,Lexibank,0.0
Iwaidjan Proper,1,0,0.0,0.3288888888888889,225.0,11.66,Lexibank,0.0
Jarawa-Onge,1,0,0.0,0.7701863354037267,161.0,11.6089,Lexibank,0.0
Jarrakan,4,0,0.0,0.3642349989163868,240.5,16.74745,Lexibank,0.0
Jicaquean,1,0,0.0,0.46616541353383456,133.0,14.6686,Lexibank,0.0
Kadugli-Krongo,1,0,0.0,0.9669117647058824,272.0,10.8423,Lexibank,0.0
Kaki Ae,1,0,0.0,0.9956709956709957,231.0,7.9946,Lexibank,0.0
Kakua-Nukak,5,0,0.0,0.3737019288481097,134.0,1.5964240000000003,Lexibank,0.0
Kamula-Elevala,3,0,0.0,0.9907584251063081,190.0,7.014913333333333,Lexibank,0.0
Kanoê,1,0,0.0,0.7902439024390244,205.0,12.1789,Lexibank,0.0
Kartvelian,3,0,0.0,0.599582819763496,283.0,41.85026466666667,Lexibank,0.0
Karuk,2,0,0.0,0.13467672163324337,562.0,41.8228,Lexibank,0.0
Katla-Tima,1,0,0.0,0.42231075697211157,251.0,11.7176,Lexibank,0.0
Katukinan,1,0,0.0,0.48314606741573035,89.0,6.45399,Lexibank,0.0
Kaure-Kosare,2,0,0.0,0.8060247080724319,203.0,3.58968,Lexibank,0.0
Kawesqar,2,0,0.0,0.3105493382186998,435.5,49.303195,Lexibank,0.0
Kayagaric,3,0,0.0,0.2786867107124999,97.0,6.430976666666666,Lexibank,0.0
Kehu,1,0,0.0,0.9887218045112782,266.0,3.19328,Lexibank,0.0
Keram,7,0,0.0,0.4602817349976628,153.0,4.265998571428572,Lexibank,0.0
Khoe-Kwadi,2,0,0.0,0.7163230667329028,171.5,25.0747,Lexibank,0.0
Kiowa-Tanoan,4,0,0.0,0.678597909007988,118.0,35.44286675,Lexibank,0.0
Klamath-Modoc,1,0,0.0,0.22433460076045628,263.0,42.5861,Lexibank,0.0
Kol (Papua New Guinea),1,0,0.0,0.7547169811320755,212.0,5.21042,Lexibank,0.0
Koman,1,0,0.0,0.3737864077669903,206.0,9.16012,Lexibank,0.0
Koreanic,30,0,0.0,0.4945427025719427,251.5,37.36678766666667,Lexibank,0.0
Kuliak,1,0,0.0,0.24279835390946503,243.0,2.58367,Lexibank,0.0
Kunimaipan,2,0,0.0,0.8416133162612036,126.0,8.09371,Lexibank,0.0
Kunza,2,0,0.0,0.5243364851977356,556.5,23.0,Lexibank,0.0
Kuot,2,0,0.0,0.46829955758527186,241.0,3.06952,Lexibank,0.0
Kusunda,2,0,0.0,0.5962869729389553,225.5,28.0,Lexibank,0.0
Kxa,2,0,0.0,0.716640502354788,185.5,18.97775,Lexibank,0.0
Lavukaleve,3,0,0.0,0.7664511705358018,205.0,9.05569,Lexibank,0.0
Left May,5,0,0.0,0.8966613630343998,162.0,4.2951999999999995,Lexibank,0.0
Lencan,3,0,0.0,0.5923444976076554,110.0,13.719266666666668,Lexibank,0.0
Lengua-Mascoy,6,0,0.0,0.4782571173236508,751.0,22.680073333333336,Lexibank,0.0
Limilngan-Wulna,1,0,0.0,0.40425531914893614,188.0,12.4294,Lexibank,0.0
Lower Sepik,12,0,0.0,0.3406014947804907,137.0,4.209579166666667,Lexibank,0.0
Lule,1,0,0.0,0.375609756097561,205.0,25.221839,Lexibank,0.0
Lule-Vilela,1,0,0.0,0.49830508474576274,295.0,25.22,Lexibank,0.0
Maban,1,0,0.0,0.48333333333333334,240.0,9.7154,Lexibank,0.0
Maiduan,3,0,0.0,0.5706649726347969,257.0,38.83473333333333,Lexibank,0.0
Mairasic,1,0,0.0,0.5185185185185185,162.0,3.4511,Lexibank,0.0
Mangarrayi-Maran,1,0,0.0,0.7615062761506276,239.0,15.5458,Lexibank,0.0
Maningrida,2,0,0.0,0.9066332218506132,232.0,12.191315,Lexibank,0.0
Mataguayan,12,0,0.0,0.30561250059605366,330.0,23.207925,Lexibank,0.0
Mayan,4,0,0.0,0.13790326743650988,844.0,15.684975,Lexibank,0.0
Maybratic,4,0,0.0,0.48990759546130475,219.0,1.2165949999999999,Lexibank,0.0
Mirndi,1,0,0.0,0.7569721115537849,251.0,17.165,Lexibank,0.0
Misumalpan,6,0,0.0,0.682515226822027,110.0,14.379199999999999,Lexibank,0.0
Miwok-Costanoan,7,0,0.0,0.7957023126248371,278.0,38.200047142857144,Lexibank,0.0
Mixe-Zoque,12,0,0.0,0.25379991488342807,111.5,17.408533333333335,Lexibank,0.0
Molof,1,0,0.0,0.7411764705882353,85.0,3.41946,Lexibank,0.0
Mongolic-Khitan,17,0,0.0,0.47958580167395604,294.0,42.90145882352941,Lexibank,0.0
Mosetén-Chimané,4,0,0.0,0.4709133269712869,508.0,14.78686,Lexibank,0.0
Movima,4,0,0.0,0.8451852101821438,372.5,13.8115,Lexibank,0.0
Muniche,2,0,0.0,0.9859104951156383,160.5,5.7441796,Lexibank,0.0
Muskogean,2,0,0.0,0.7872951997700488,191.0,32.33334,Lexibank,0.0
Máku,1,0,0.0,0.99,100.0,3.969231,Lexibank,0.0
Naduhup,7,0,0.0,0.11193189127462132,300.0,0.41110671428571427,Lexibank,0.0
Nakh-Daghestanian,67,0,0.0,0.4745546250329125,1492.0,42.17143505970149,Lexibank,0.0
Nambiquaran,1,0,0.0,0.7777777777777778,216.0,14.3707,Lexibank,0.0
Namla-Tofanma,1,0,0.0,0.9302325581395349,86.0,3.74322,Lexibank,0.0
Nara,1,0,0.0,0.7631578947368421,190.0,15.3251,Lexibank,0.0
Natchez,1,0,0.0,0.41245136186770426,257.0,31.75,Lexibank,0.0
Ndu,7,0,0.0,0.6711771941374173,133.0,4.11142,Lexibank,0.0
Nilotic,2,0,0.0,0.6062842446606285,185.0,2.03743,Lexibank,0.0
Nimboranic,1,0,0.0,0.6392405063291139,158.0,2.5803,Lexibank,0.0
Nivkh,2,0,0.0,0.19475298408488065,581.0,52.59,Lexibank,0.0
North Halmahera,5,0,0.0,0.9268662670553297,253.0,0.961476,Lexibank,0.0
Nubian,2,0,0.0,0.6638204856723249,1008.0,11.6432,Lexibank,0.0
Nuclear Torricelli,3,0,0.0,0.5584858762698056,164.0,3.7558139999999995,Lexibank,0.0
Nyulnyulan,9,0,0.0,0.47159729901132597,211.0,17.229807666666666,Lexibank,0.0
Odiai,1,0,0.0,0.9523809523809523,84.0,3.82276,Lexibank,0.0
Ongota,1,0,0.0,0.7718446601941747,206.0,5.29807,Lexibank,0.0
Paezan,1,0,0.0,0.43434343434343436,99.0,2.61516,Lexibank,0.0
Pahoturi,1,0,0.0,0.399822695035461,1128.0,8.957786,Lexibank,0.0
Palaihnihan,1,0,0.0,0.5513307984790875,263.0,41.0979,Lexibank,0.0
Papi,1,0,0.0,0.970873786407767,103.0,4.4725,Lexibank,0.0
Pauwasi,2,0,0.0,0.7067303662727349,110.0,3.51178,Lexibank,0.0
Pawaia,1,0,0.0,0.9507042253521126,284.0,6.88021,Lexibank,0.0
Piawi,5,0,0.0,0.7429628005137856,111.0,5.113832,Lexibank,0.0
Pirahã,1,0,0.0,0.9746192893401016,197.0,6.77713,Lexibank,0.0
Pomoan,1,0,0.0,0.7868852459016393,183.0,38.7643,Lexibank,0.0
Puelche,2,0,0.0,0.5297691805938488,499.0,42.223,Lexibank,0.0
Puinave,5,0,0.0,0.335644943312756,265.0,3.92974,Lexibank,0.0
Pyu,1,0,0.0,0.3875968992248062,129.0,4.45003,Lexibank,0.0
Páez,5,0,0.0,0.4640075959091364,303.0,2.61516,Lexibank,0.0
Quechuan,43,0,0.0,0.8727438345037689,152.0,9.435525069767442,Lexibank,0.0
Ramu,1,0,0.0,0.3893805309734513,113.0,4.56615,Lexibank,0.0
Sahaptian,2,0,0.0,0.3129770318021201,241.5,46.224999999999994,Lexibank,0.0
Saharan,6,0,0.0,0.8025617805226753,269.5,12.8178,Lexibank,0.0
Saliban,6,0,0.0,0.8266100256346333,238.0,5.006783333333334,Lexibank,0.0
Salinan,3,0,0.0,0.4604998305532901,206.0,37.6646,Lexibank,0.0
Salishan,12,0,0.0,0.24882441228791105,187.0,49.305692666666666,Lexibank,0.0
Sandawe,2,0,0.0,0.8860059825725062,166.0,5.26918,Lexibank,0.0
Senagi,2,0,0.0,0.9665340986125548,156.0,3.52309,Lexibank,0.0
Sentanic,2,0,0.0,0.8196595540637737,156.0,2.6013,Lexibank,0.0
Sepik,8,0,0.0,0.5168848146993811,156.0,4.35351875,Lexibank,0.0
Seri,3,0,0.0,0.312364048036663,282.0,28.9877,Lexibank,0.0
Shastan,1,0,0.0,0.7127659574468085,94.0,41.7587,Lexibank,0.0
Shom Peng,1,0,0.0,0.6354166666666666,192.0,7.02099,Lexibank,0.0
Siouan,1,0,0.0,0.9359430604982206,281.0,46.3699,Lexibank,0.0
Sko,2,0,0.0,0.9425476179904986,162.0,2.858205,Lexibank,0.0
Songhay,5,0,0.0,0.8401473044518001,267.0,14.96304666,Lexibank,0.0
South Bougainville,2,0,0.0,0.9550697160011059,179.0,6.70051,Lexibank,0.0
South Omotic,1,0,0.0,0.556,250.0,6.20951,Lexibank,0.0
Southern Daly,1,0,0.0,0.4293785310734463,177.0,14.74852,Lexibank,0.0
Sulka,1,0,0.0,0.34415584415584416,154.0,5.03471,Lexibank,0.0
Sumerian,1,0,0.0,0.45454545454545453,231.0,31.3,Lexibank,0.0
Surmic,1,0,0.0,0.7717842323651453,241.0,6.03205,Lexibank,0.0
Ta-Ne-Omotic,1,0,0.0,0.9691629955947136,227.0,7.27424,Lexibank,0.0
Tabo,1,0,0.0,0.9864864864864865,148.0,8.09387,Lexibank,0.0
Tai-Kadai,73,0,0.0,0.4481959967617176,520.0,22.338986784931507,Lexibank,0.0
Takelma,1,0,0.0,0.41379310344827586,203.0,42.423,Lexibank,0.0
Tangkic,1,0,0.0,0.9919678714859438,249.0,17.0695,Lexibank,0.0
Tarascan,2,0,0.0,0.9922998986828775,152.0,19.39295,Lexibank,0.0
Tauade,1,0,0.0,0.9704918032786886,305.0,8.3486,Lexibank,0.0
Taushiro,3,0,0.0,0.6717437533227008,200.0,3.2249700000000003,Lexibank,0.0
Tequistlatecan,1,0,0.0,0.625,256.0,16.1849,Lexibank,0.0
Timor-Alor-Pantar,33,0,0.0,0.4896346654647067,119.0,8.309940909090908,Lexibank,0.0
Timucua,1,0,0.0,0.9953703703703703,216.0,30.3027,Lexibank,0.0
Tiwi,1,0,0.0,0.9886792452830189,265.0,11.6308,Lexibank,0.0
Tor-Orya,3,0,0.0,0.5950640819020429,254.0,2.4343033333333333,Lexibank,0.0
Totonacan,2,0,0.0,0.422568093385214,173.5,20.5165,Lexibank,0.0
Trumai,3,0,0.0,0.5448442632234681,218.0,11.8119,Lexibank,0.0
Tsimshian,4,0,0.0,0.2057271533519453,235.0,53.22712625,Lexibank,0.0
Tungusic,40,0,0.0,0.7586629204595503,273.5,51.1500714,Lexibank,0.0
Tunica,1,0,0.0,0.9725490196078431,255.0,30.9888,Lexibank,0.0
Turkic,110,0,0.0,0.2990262089248342,262.0,46.08775154545455,Lexibank,0.0
Tuu,1,0,0.0,0.7407407407407407,243.0,24.20022,Lexibank,0.0
Uralic,66,0,0.0,0.44362379480007474,1072.0,60.44439359307273,Lexibank,0.0
Uru-Chipaya,5,0,0.0,0.6522391921843995,263.0,18.167706,Lexibank,0.0
Usku,1,0,0.0,0.9302325581395349,86.0,3.63853,Lexibank,0.0
Wageman,1,0,0.0,0.5185185185185185,216.0,13.8627,Lexibank,0.0
Wakashan,7,0,0.0,0.4733402996507876,176.0,51.035110028571424,Lexibank,0.0
Walioic,2,0,0.0,0.9119277241990911,95.0,4.496835000000001,Lexibank,0.0
Washo,2,0,0.0,0.47575374235715795,233.0,38.8184,Lexibank,0.0
West Bird's Head,7,0,0.0,0.4063142806804824,192.0,1.333952857142857,Lexibank,0.0
West Bomberai,3,0,0.0,0.258767609715459,211.0,3.250246666666667,Lexibank,0.0
Western Daly,1,0,0.0,0.5025380710659898,197.0,13.6754,Lexibank,0.0
Wintuan,2,0,0.0,0.3062096361160731,283.0,39.7176,Lexibank,0.0
Worrorran,1,0,0.0,0.6196078431372549,255.0,16.4006,Lexibank,0.0
Yale,1,0,0.0,0.31958762886597936,97.0,3.79762,Lexibank,0.0
Yana,1,0,0.0,0.8448979591836735,245.0,39.2769,Lexibank,0.0
Yangmanic,1,0,0.0,0.4838709677419355,248.0,14.4964,Lexibank,0.0
Yawa-Saweru,1,0,0.0,0.5620437956204379,274.0,1.77196,Lexibank,0.0
Yele,1,0,0.0,0.9919354838709677,248.0,11.3796,Lexibank,0.0
Yeniseian,3,0,0.0,0.16230367607697718,902.0,63.838366666666666,Lexibank,0.0
Yetfa,1,0,0.0,0.4537037037037037,108.0,4.05884,Lexibank,0.0
Yokutsan,3,0,0.0,0.35964116910518645,215.0,36.06338066666667,Lexibank,0.0
Yuat,3,0,0.0,0.5346668775036897,112.0,4.5778566666666665,Lexibank,0.0
Yukaghir,3,0,0.0,0.6255074354400413,861.0,66.32266666666668,Lexibank,0.0
Yuki-Wappo,3,0,0.0,0.477265412368266,278.0,38.77963333333333,Lexibank,0.0
Yuracaré,1,0,0.0,0.9771689497716894,219.0,16.7479,Lexibank,0.0
Yámana,2,0,0.0,0.7739013638242183,479.0,55.2748,Lexibank,0.0
Zamucoan,4,0,0.0,0.7149047829417101,313.0,19.562527499999998,Lexibank,0.0
Zuni,4,0,0.0,0.9304438038145195,195.5,35.0056,Lexibank,0.0
